source,record,database_path,storage_object_exists,status,action
events,WRJA Grading Day - Demo,events/demo/grading-day.jpg,No,Unresolved,No matching Storage object; do not guess replacement.
events,WRJA Open Competition - Demo,events/demo/wrja-open.jpg,No,Unresolved,No matching Storage object; do not guess replacement.
events,WRJA Training Camp - Demo,events/demo/training-camp.jpg,No,Unresolved,No matching Storage object; do not guess replacement.
gallery,Competition Day - Demo,gallery/Competition 1.jpg,Yes,OK,Already consistent.
gallery,Grading Session - Demo,gallery/Competition 2.jpg,Yes,OK,Already consistent.
gallery,Junior Class - Demo,gallery/Kid 1.jpg,Yes,OK,Already consistent.
gallery,Training Session - Demo,gallery/Adult 1.jpg,Yes,Fixed,Was public-media/gallery/Adult 1.jpg; normalized to bucket-relative path.
instructors,Naledi Khumalo,instructors/demo/naledi-khumalo.jpg,No,Unresolved,No matching Storage object; do not map to a different instructor photo.
instructors,Sipho Dlamini,instructors/demo/sipho-dlamini.jpg,No,Unresolved,No matching Storage object; do not map to a different instructor photo.
instructors,Thabo Mokoena,instructors/demo/thabo-mokoena.jpg,No,Unresolved,No matching Storage object; do not map to a different instructor photo.
news,Future Announcement - Demo,news/demo/future-announcement.jpg,No,Unresolved,No matching Storage object; do not guess replacement.
news,Junior Development News - Demo,news/demo/junior-development.jpg,No,Unresolved,No matching Storage object; do not guess replacement.
news,WRJA Season Update - Demo123,news/demo/season-update.jpg,No,Unresolved,No matching Storage object; do not guess replacement.
programs,Competition Preparation - Demo,programs/demo/competition-preparation.jpg,No,Unresolved,No matching Storage object; do not guess replacement.
programs,Junior Development - Demo,programs/demo/junior-development.jpg,No,Unresolved,No matching Storage object; do not guess replacement.
programs,Senior Training - Demo,programs/demo/senior-training.jpg,No,Unresolved,No matching Storage object; do not guess replacement.
